p,RSS_profile,LR_profile,threshold_95
0.98,0.0001612133637052623,122.4435485795421,3.841458820694124
0.98005,0.00016043550127090784,122.37099766746132,3.841458820694124
0.9801,0.00015965954721098362,122.29827343287303,3.841458820694124
0.98015,0.00015888550133102074,122.22537503997769,3.841458820694124
0.9802,0.00015811336343777487,122.15230164703235,3.841458820694124
0.98025,0.00015734313333780103,122.07905240615915,3.841458820694124
0.9803,0.00015657481083535183,122.005626463084,3.841458820694124
0.9803499999999999,0.00015580839573605112,121.93202295742473,3.841458820694124
0.9803999999999999,0.00015504388784498986,121.85824102244935,3.841458820694124
0.9804499999999999,0.00015428128696820875,121.78427978515703,3.841458820694124
0.9804999999999999,0.00015352059291206762,121.7101383661567,3.841458820694124
0.98055,0.00015276180548289193,121.63581587956978,3.841458820694124
0.9806,0.00015200492448406,121.56131143267883,3.841458820694124
0.98065,0.00015124994972109243,121.48662412636052,3.841458820694124
0.9807,0.00015049688100318858,121.41175305517817,3.841458820694124
0.98075,0.00014974571813168407,121.33669730616869,3.841458820694124
0.9808,0.0001489964609159644,121.26145596035782,3.841458820694124
0.98085,0.0001482491091599886,121.18602809134879,3.841458820694124
0.9809,0.00014750366266902675,121.1104127659249,3.841458820694124
0.98095,0.00014676012124977626,121.03460904399519,3.841458820694124
0.981,0.0001460184847082888,120.95861597831437,3.841458820694124
0.98105,0.0001452787528500676,120.88243261442004,3.841458820694124
0.9811,0.00014454092547808178,120.80605799035266,3.841458820694124
0.98115,0.0001438050024020806,120.72949113754709,3.841458820694124
0.9812,0.00014307098342610772,120.6527310794675,3.841458820694124
0.98125,0.00014233886835480713,120.5757768321815,3.841458820694124
0.9813,0.00014160865699533467,120.49862740448803,3.841458820694124
0.98135,0.00014088034915447643,120.42128179754036,3.841458820694124
0.9813999999999999,0.000140153944635658,120.34373900444706,3.841458820694124
0.9814499999999999,0.00013942944324564486,120.2659980109043,3.841458820694124
0.9815,0.00013870684479082323,120.18805779472297,3.841458820694124
0.98155,0.00013798614907544032,120.10991732555524,3.841458820694124
0.9816,0.00013726735590850948,120.03157556556091,3.841458820694124
0.98165,0.00013655046509149682,119.95303146798504,3.841458820694124
0.9817,0.00013583547643290558,119.87428397866265,3.841458820694124
0.98175,0.00013512238973803858,119.79533203481706,3.841458820694124
0.9818,0.00013441120481300997,119.71617456541183,3.841458820694124
0.98185,0.00013370192146334986,119.63681049090886,3.841458820694124
0.9819,0.0001329945394950307,119.55723872329364,3.841458820694124
0.98195,0.00013228905871391083,119.47745816592357,3.841458820694124
0.982,0.00013158547892566986,119.39746771342891,3.841458820694124
0.98205,0.00013088379993627834,119.31726625167387,3.841458820694124
0.9821,0.0001301840215519989,119.23685265766385,3.841458820694124
0.98215,0.00012948614357755054,119.15622579923894,3.841458820694124
0.9822,0.0001287901658202878,119.07538453545963,3.841458820694124
0.98225,0.00012809608808532147,118.99432771594645,3.841458820694124
0.9823,0.00012740391017810733,118.9130541810788,3.841458820694124
0.98235,0.0001267136319057927,118.83156276205547,3.841458820694124
0.9823999999999999,0.00012602525307368545,118.74985228037833,3.841458820694124
0.9824499999999999,0.0001253387734866454,118.66792154791024,3.841458820694124
0.9824999999999999,0.0001246541929520573,118.58576936712703,3.841458820694124
0.98255,0.00012397151127554104,118.50339453050118,3.841458820694124
0.9826,0.00012329072826290896,118.4207958206272,3.841458820694124
0.98265,0.00012261184372025665,118.33797201012476,3.841458820694124
0.9827,0.00012193485745339034,118.25492186145922,3.841458820694124
0.98275,0.0001212597692679445,118.17164412684377,3.841458820694124
0.9828,0.00012058657897051143,118.08813754826626,3.841458820694124
0.98285,0.00011991528636669152,118.00440085713397,3.841458820694124
0.9829,0.00011924589126264093,117.92043277434874,3.841458820694124
0.98295,0.00011857839346444287,117.83623201011152,3.841458820694124
0.983,0.00011791279277786653,117.75179726377198,3.841458820694124
0.98305,0.00011724908900880775,117.66712722376266,3.841458820694124
0.9831,0.00011658728196364559,117.58222056752247,3.841458820694124
0.98315,0.00011592737144829797,117.49707596125165,3.841458820694124
0.9832,0.00011526935726869284,117.41169205984517,3.841458820694124
0.98325,0.00011461323923094192,117.32606750678727,3.841458820694124
0.9833,0.00011395901714107655,117.24020093398758,3.841458820694124
0.98335,0.00011330669080520816,117.15409096167024,3.841458820694124
0.9833999999999999,0.00011265626002928918,117.06773619820866,3.841458820694124
0.9834499999999999,0.0001120077246193882,116.9811352400263,3.841458820694124
0.9835,0.00011136108438171717,116.89428667146318,3.841458820694124
0.98355,0.00011071633912227425,116.80718906458861,3.841458820694124
0.9836,0.0001100734886472053,116.71984097910806,3.841458820694124
0.98365,0.00010943253276235366,116.63224096215853,3.841458820694124
0.9837,0.00010879347127401531,116.54438754826576,3.841458820694124
0.98375,0.00010815630398857198,116.45627925914746,3.841458820694124
0.9838,0.00010752103071153981,116.36791460343099,3.841458820694124
0.98385,0.00010688765124951399,116.27929207677055,3.841458820694124
0.9839,0.00010625616540872303,116.19041016149332,3.841458820694124
0.98395,0.00010562657299473783,116.10126732639985,3.841458820694124
0.984,0.00010499887381408023,116.01186202683226,3.841458820694124
0.98405,0.00010437306767287907,115.9221927043237,3.841458820694124
0.9841,0.00010374915437737312,115.83225778650583,3.841458820694124
0.98415,0.00010312713373352961,115.74205568688761,3.841458820694124
0.9842,0.00010250700554773903,115.65158480478705,3.841458820694124
0.98425,0.00010188876962599977,115.56084352504213,3.841458820694124
0.9843,0.00010127242577463665,115.4698302179415,3.841458820694124
0.98435,0.00010065797379962383,115.37854323894886,3.841458820694124
0.9843999999999999,0.000100045413507752,115.2869809286973,3.841458820694124
0.9844499999999999,9.943474470412714e-05,115.19514161243397,3.841458820694124
0.9844999999999999,9.882596719599559e-05,115.10302360040833,3.841458820694124
0.98455,9.821908078989062e-05,115.01062518725911,3.841458820694124
0.9846,9.761408529031029e-05,114.91794465161757,3.841458820694124
0.98465,9.70109805047352e-05,114.82498025668055,3.841458820694124
0.9847,9.640976623951081e-05,114.73173024938797,3.841458820694124
0.98475,9.581044230054323e-05,114.63819286032718,3.841458820694124
0.9848,9.521300849416217e-05,114.54436630366463,3.841458820694124
0.98485,9.461746462672276e-05,114.45024877687936,3.841458820694124
0.9849,9.402381050439386e-05,114.35583846052083,3.841458820694124
0.98495,9.343204593355857e-05,114.26113351806045,3.841458820694124
0.985,9.284217072084648e-05,114.1661320956827,3.841458820694124
0.98505,9.225418467110531e-05,114.07083232173807,3.841458820694124
0.9851,9.166808759219983e-05,113.97523230729709,3.841458820694124
0.98515,9.108387929016276e-05,113.87933014514194,3.841458820694124
0.9852,9.050155957076953e-05,113.78312390978871,3.841458820694124
0.98525,8.992112824072419e-05,113.68661165745118,3.841458820694124
0.9853,8.934258510617644e-05,113.58979142556021,3.841458820694124
0.98535,8.876592997373446e-05,113.49266123269163,3.841458820694124
0.9853999999999999,8.819116264962556e-05,113.39521907818185,3.841458820694124
0.9854499999999999,8.761828293991598e-05,113.29746294191524,3.841458820694124
0.9855,8.704729065127706e-05,113.19939078420316,3.841458820694124
0.98555,8.64781855900268e-05,113.10100054536484,3.841458820694124
0.9856,8.591096756249496e-05,113.00229014552872,3.841458820694124
0.98565,8.534563637528266e-05,112.90325748441346,3.841458820694124
0.9857,8.478219183434904e-05,112.80390044089896,3.841458820694124
0.98575,8.422063374693135e-05,112.70421687309094,3.841458820694124
0.9858,8.366096191789494e-05,112.60420461739635,3.841458820694124
0.98585,8.310317615521602e-05,112.50386148921595,3.841458820694124
0.9859,8.254727626439769e-05,112.40318528166127,3.841458820694124
0.98595,8.199326205280716e-05,112.30217376604085,3.841458820694124
0.986,8.144113332506802e-05,112.20082469072607,3.841458820694124
0.98605,8.089088988939625e-05,112.09913578200698,3.841458820694124
0.9861,8.03425315520282e-05,111.99710474276752,3.841458820694124
0.98615,7.979605811824698e-05,111.89472925235364,3.841458820694124
0.9862,7.925146939561274e-05,111.79200696686098,3.841458820694124
0.98625,7.870876519025097e-05,111.68893551811922,3.841458820694124
0.9863,7.816794530895725e-05,111.58551251375816,3.841458820694124
0.98635,7.762900955766854e-05,111.48173553658255,3.841458820694124
0.9863999999999999,7.709195774283134e-05,111.37760214449267,3.841458820694124
0.9864499999999999,7.655678967143342e-05,111.27310987014819,3.841458820694124
0.9864999999999999,7.602350515003118e-05,111.16825622042816,3.841458820694124
0.98655,7.549210398458676e-05,111.06303867603788,3.841458820694124
0.9866,7.49625859821096e-05,110.957454691469,3.841458820694124
0.98665,7.443495094902313e-05,110.85150169430726,3.841458820694124
0.9867,7.390919869163396e-05,110.74517708494652,3.841458820694124
0.98675,7.338532901660751e-05,110.63847823630151,3.841458820694124
0.9868,7.286334173027623e-05,110.53140249327743,3.841458820694124
0.98685,7.234323663975695e-05,110.42394717260183,3.841458820694124
0.9869,7.182501355124262e-05,110.3161095620692,3.841458820694124
0.98695,7.130867227134195e-05,110.20788692040412,3.841458820694124
0.987,7.079421260665986e-05,110.09927647675639,3.841458820694124
0.98705,7.028163436363233e-05,109.990275430239,3.841458820694124
0.9871,6.977093734910692e-05,109.88088094961732,3.841458820694124
0.98715,6.926212136944309e-05,109.77109017267514,3.841458820694124
0.9872,6.87551862317835e-05,109.66090020603787,3.841458820694124
0.98725,6.825013174175502e-05,109.55030812421498,3.841458820694124
0.9873,6.774695770663367e-05,109.43931096982146,3.841458820694124
0.98735,6.724566393329292e-05,109.32790575265807,3.841458820694124
0.9873999999999999,6.674625022778496e-05,109.21608944912956,3.841458820694124
0.9874499999999999,6.62487163971343e-05,109.10385900215056,3.841458820694124
0.9875,6.575306224798925e-05,108.9912113203436,3.841458820694124
0.98755,6.525928758652314e-05,108.87814327750128,3.841458820694124
0.9876,6.476739222014713e-05,108.76465171245724,3.841458820694124
0.98765,6.427737595494259e-05,108.65073342796647,3.841458820694124
0.9877,6.378923859822926e-05,108.53638519075609,3.841458820694124
0.98775,6.330297995591696e-05,108.42160373035709,3.841458820694124
0.9878,6.281859983488988e-05,108.30638573909889,3.841458820694124
0.98785,6.233609804226949e-05,108.19072787136773,3.841458820694124
0.9879,6.185547438387463e-05,108.07462674265166,3.841458820694124
0.98795,6.13767286678051e-05,107.95807892980889,3.841458820694124
0.988,6.089986069984541e-05,107.84108096935064,3.841458820694124
0.98805,6.042487028698405e-05,107.7236293576742,3.841458820694124
0.9881,5.995175723554443e-05,107.60572054997635,3.841458820694124
0.98815,5.9480521352814225e-05,107.48735096001488,3.841458820694124
0.9882,5.901116244550932e-05,107.36851695907217,3.841458820694124
0.98825,5.8543680320044066e-05,107.2492148753504,3.841458820694124
0.9883,5.807807478343837e-05,107.1294409935211,3.841458820694124
0.98835,5.761434564258367e-05,107.00919155384497,3.841458820694124
0.9884,5.7152492703805554e-05,106.88846275134684,3.841458820694124
0.9884499999999999,5.6692515774703944e-05,106.76725073557319,3.841458820694124
0.9884999999999999,5.62344146606419e-05,106.64555160893148,3.841458820694124
0.98855,5.577818917003335e-05,106.52336142733517,3.841458820694124
0.9886,5.5323839108757635e-05,106.40067619795468,3.841458820694124
0.98865,5.487136428370452e-05,106.27749187937495,3.841458820694124
0.9887,5.44207645022648e-05,106.15380438066663,3.841458820694124
0.98875,5.397203957056631e-05,106.0296095600855,3.841458820694124
0.9888,5.352518929594409e-05,105.90490322491742,3.841458820694124
0.98885,5.308021348485175e-05,105.77968113005196,3.841458820694124
0.9889,5.263711194445925e-05,105.6539389775596,3.841458820694124
0.98895,5.2195884481503755e-05,105.52767241548423,3.841458820694124
0.989,5.175653090300767e-05,105.40087703714154,3.841458820694124
0.98905,5.1319051015376556e-05,105.27354837993548,3.841458820694124
0.9891,5.0883444626208194e-05,105.14568192494085,3.841458820694124
0.98915,5.044971154176623e-05,105.01727309520419,3.841458820694124
0.9892,5.0017851569428145e-05,104.88831725547756,3.841458820694124
0.98925,4.958786451565764e-05,104.75880971061488,3.841458820694124
0.9893,4.9159750187733556e-05,104.62874570506156,3.841458820694124
0.98935,4.873350839228331e-05,104.49812042136551,3.841458820694124
0.9894,4.830913893668685e-05,104.3669289795334,3.841458820694124
0.9894499999999999,4.788664162721551e-05,104.23516643536365,3.841458820694124
0.9895,4.746601627123966e-05,104.10282778001063,3.841458820694124
0.98955,4.704726267579277e-05,103.96990793839922,3.841458820694124
0.9896,4.663038064778402e-05,103.8364017681207,3.841458820694124
0.98965,4.621536999392195e-05,103.70230405821226,3.841458820694124
0.9897,4.580223052151607e-05,103.56760952819621,3.841458820694124
0.98975,4.5390962037235266e-05,103.43231282643085,3.841458820694124
0.9898,4.4981564348201134e-05,103.29640852918978,3.841458820694124
0.98985,4.457403726149642e-05,103.1598911391989,3.841458820694124
0.9899,4.4168380583990146e-05,103.02275508424245,3.841458820694124
0.98995,4.3764594122889486e-05,102.88499471598443,3.841458820694124
0.99,4.33626776848735e-05,102.74660430827883,3.841458820694124
0.99005,4.2962631077359566e-05,102.60757805617577,3.841458820694124
0.9901,4.2564454107057554e-05,102.46791007396327,3.841458820694124
0.99015,4.216814658110474e-05,102.32759439406522,3.841458820694124
0.9902,4.177370830664013e-05,102.18662496536638,3.841458820694124
0.99025,4.1381139090975536e-05,102.04499565170957,3.841458820694124
0.9903,4.099043874054981e-05,101.90270022991427,3.841458820694124
0.99035,4.0601607062759876e-05,101.7597323887986,3.841458820694124
0.9904,4.0214643864847694e-05,101.61608572710237,3.841458820694124
0.9904499999999999,3.982954895333966e-05,101.47175375155508,3.841458820694124
0.9904999999999999,3.9446322135966503e-05,101.32672987583342,3.841458820694124
0.99055,3.9064963219648496e-05,101.18100741800787,3.841458820694124
0.9906,3.868547201138377e-05,101.03457959902688,3.841458820694124
0.99065,3.830784831832688e-05,100.88743954085885,3.841458820694124
0.9907,3.793209194752361e-05,100.73958026445379,3.841458820694124
0.99075,3.7558202706197736e-05,100.59099468787196,3.841458820694124
0.9908,3.718618040142131e-05,100.44167562412167,3.841458820694124
0.99085,3.681602484043893e-05,100.29161577920533,3.841458820694124
0.9909,3.6447735830465175e-05,100.14080774990457,3.841458820694124
0.99095,3.60813131782677e-05,99.98924402141817,3.841458820694124
0.991,3.571675669139521e-05,99.83691696562498,3.841458820694124
0.99105,3.5354066176982216e-05,99.68381883829326,3.841458820694124
0.9911,3.499324144216452e-05,99.52994177689172,3.841458820694124
0.99115,3.463428229401404e-05,99.37527779814262,3.841458820694124
0.9912,3.427718853979293e-05,99.21981879565092,3.841458820694124
0.99125,3.3921959986853576e-05,99.06355653731971,3.841458820694124
0.9913,3.356859644224623e-05,98.90648266256659,3.841458820694124
0.99135,3.321709771305103e-05,98.74858867978797,3.841458820694124
0.9914,3.286746360688231e-05,98.58986596384123,3.841458820694124
0.9914499999999999,3.251969393078679e-05,98.43030575272846,3.841458820694124
0.9915,3.2173788491927456e-05,98.26989914500587,3.841458820694124
0.99155,3.182974709741239e-05,98.10863709673329,3.841458820694124
0.9916,3.148756955498185e-05,97.9465104187479,3.841458820694124
0.99165,3.1147255671501106e-05,97.78350977282061,3.841458820694124
0.9917,3.080880525414361e-05,97.61962566899042,3.841458820694124
0.99175,3.0472218110688882e-05,97.45484846241284,3.841458820694124
0.9918,3.013749404797409e-05,97.28916834920894,3.841458820694124
0.99185,2.9804632873527982e-05,97.1225753637721,3.841458820694124
0.9919,2.9473634394440463e-05,96.95505937462549,3.841458820694124
0.99195,2.9144498418339215e-05,96.78661008122653,3.841458820694124
0.992,2.881722475223837e-05,96.6172170095942,3.841458820694124
0.99205,2.849181320368707e-05,96.44686950900073,3.841458820694124
0.9921,2.816826357973045e-05,96.27555674742905,3.841458820694124
0.99215,2.784657568804616e-05,96.10326770805084,3.841458820694124
0.9922,2.7526749335733895e-05,95.92999118434994,3.841458820694124
0.99225,2.720878433012757e-05,95.75571577619405,3.841458820694124
0.9923,2.6892680478764434e-05,95.58042988534075,3.841458820694124
0.99235,2.657843758908113e-05,95.40412171065854,3.841458820694124
0.9924,2.626605546815235e-05,95.2267792432254,3.841458820694124
0.9924499999999999,2.5955533923433313e-05,95.0483902618571,3.841458820694124
0.9924999999999999,2.56468727625417e-05,94.86894232795947,3.841458820694124
0.99255,2.5340071792768543e-05,94.68842278006221,3.841458820694124
0.9926,2.5035130821385896e-05,94.50681872865404,3.841458820694124
0.99265,2.4732049655932106e-05,94.32411705085677,3.841458820694124
0.9927,2.4430828103887723e-05,94.14030438457152,3.841458820694124
0.99275,2.4131465972520538e-05,93.95536712254342,3.841458820694124
0.9928,2.3833963069269075e-05,93.76929140657899,3.841458820694124
0.99285,2.3538319201675445e-05,93.58206312130876,3.841458820694124
0.9929,2.3244534177322577e-05,93.39366788775747,3.841458820694124
0.99295,2.295260780325947e-05,93.20409105637754,3.841458820694124
0.993,2.2662539887376715e-05,93.01331770113755,3.841458820694124
0.99305,2.237433023686432e-05,92.82133261150908,3.841458820694124
0.9931,2.2087978659433658e-05,92.62812028602934,3.841458820694124
0.99315,2.1803484962360635e-05,92.43366492419653,3.841458820694124
0.9932,2.152084895331431e-05,92.2379504193189,3.841458820694124
0.99325,2.1240070439604395e-05,92.04096035004193,3.841458820694124
0.9933,2.0961149228936335e-05,91.84267797265368,3.841458820694124
0.99335,2.068408512868254e-05,91.64308621208673,3.841458820694124
0.9934,2.040887794641892e-05,91.44216765352812,3.841458820694124
0.9934499999999999,2.0135527489761133e-05,91.23990453324738,3.841458820694124
0.9935,1.986403356617721e-05,91.03627872909404,3.841458820694124
0.99355,1.959439598325007e-05,90.83127175101266,3.841458820694124
0.9936,1.9326614548448166e-05,90.62486473086419,3.841458820694124
0.99365,1.9060689069368795e-05,90.41703841226315,3.841458820694124
0.9937,1.879661935362267e-05,90.20777313978866,3.841458820694124
0.99375,1.853440520884977e-05,89.99704884792392,3.841458820694124
0.9938,1.8274046442489264e-05,89.78484504940924,3.841458820694124
0.99385,1.8015542862217502e-05,89.57114082373312,3.841458820694124
0.9939,1.77588942756227e-05,89.35591480459038,3.841458820694124
0.99395,1.750410049032194e-05,89.13914516725964,3.841458820694124
0.994,1.7251161313893634e-05,88.920809615373,3.841458820694124
0.99405,1.7000076554049913e-05,88.70088536741727,3.841458820694124
0.9941,1.6750846018401284e-05,88.47934914238749,3.841458820694124
0.99415,1.6503469514541142e-05,88.2561771451954,3.841458820694124
0.9942,1.625794685000009e-05,88.03134505142368,3.841458820694124
0.99425,1.6014277832669725e-05,87.80482799195167,3.841458820694124
0.9943,1.577246227006244e-05,87.57660053592066,3.841458820694124
0.99435,1.553249996987649e-05,87.3466366742799,3.841458820694124
0.9944,1.5294390739884885e-05,87.11490980207437,3.841458820694124
0.99445,1.5058134387616014e-05,86.88139269984201,3.841458820694124
0.9944999999999999,1.4823730720829262e-05,86.64605751508097,3.841458820694124
0.99455,1.4591179547270599e-05,86.40887574228384,3.841458820694124
0.9946,1.4360480674627657e-05,86.16981820238527,3.841458820694124
0.99465,1.4131633910549138e-05,85.9288550214651,3.841458820694124
0.9947,1.390463906280627e-05,85.68595560875943,3.841458820694124
0.99475,1.3679495939157157e-05,85.44108863347572,3.841458820694124
0.9948,1.3456204347287636e-05,85.19422200074897,3.841458820694124
0.99485,1.3234764094952895e-05,84.94532282684332,3.841458820694124
0.9949,1.301517498998023e-05,84.69435741318648,3.841458820694124
0.99495,1.2797436839998168e-05,84.44129121901021,3.841458820694124
0.995,1.2581549452917498e-05,84.18608883372816,3.841458820694124
0.99505,1.2367512636389434e-05,83.92871394694733,3.841458820694124
0.9951,1.2155326198257544e-05,83.6691293183954,3.841458820694124
0.99515,1.194498994632275e-05,83.40729674573534,3.841458820694124
0.9952,1.1736503688319871e-05,83.14317703124578,3.841458820694124
0.99525,1.1529867232177016e-05,82.8767299474203,3.841458820694124
0.9953,1.1325080385574529e-05,82.60791420015326,3.841458820694124
0.99535,1.1122142956426527e-05,82.33668739150615,3.841458820694124
0.9954,1.0921054752525536e-05,82.06300597970679,3.841458820694124
0.99545,1.0721815581700917e-05,81.78682523803757,3.841458820694124
0.9955,1.0524425251797544e-05,81.50809921161738,3.841458820694124
0.99555,1.0328883570709347e-05,81.22678067228388,3.841458820694124
0.9956,1.013519034622625e-05,80.94282107112011,3.841458820694124
0.99565,9.94334538631216e-06,80.65617048940463,3.841458820694124
0.9957,9.753348498726457e-06,80.36677758627513,3.841458820694124
0.99575,9.56519949142202e-06,80.07458954508691,3.841458820694124
0.9958,9.378898172299434e-06,79.7795520162168,3.841458820694124
0.99585,9.194444349214764e-06,79.48160905748972,3.841458820694124
0.9959,9.011837830081867e-06,79.18070307185718,3.841458820694124
0.99595,8.831078422830054e-06,78.87677474177352,3.841458820694124
0.996,8.652165935367853e-06,78.56976296031512,3.841458820694124
0.99605,8.475100175694242e-06,78.25960475909856,3.841458820694124
0.9961,8.299880951628762e-06,77.94623523187147,3.841458820694124
0.99615,8.126508071166144e-06,77.62958745530807,3.841458820694124
0.9962,7.954981342274654e-06,77.30959240471114,3.841458820694124
0.99625,7.785300572875428e-06,76.98617886563298,3.841458820694124
0.9963,7.617465570971527e-06,76.65927334112686,3.841458820694124
0.99635,7.451476144519621e-06,76.32879995355901,3.841458820694124
0.9964,7.287332101500193e-06,75.99468034152422,3.841458820694124
0.99645,7.125033249932002e-06,75.65683355104925,3.841458820694124
0.9964999999999999,6.96457939780246e-06,75.31517592063923,3.841458820694124
0.99655,6.805970353071428e-06,74.96962096008978,3.841458820694124
0.9966,6.649205923747068e-06,74.6200792226597,3.841458820694124
0.99665,6.494285917945779e-06,74.26645816996957,3.841458820694124
0.9967,6.341210143631625e-06,73.90866202840675,3.841458820694124
0.99675,6.189978408788467e-06,73.54659163820021,3.841458820694124
0.9968,6.0405905215507375e-06,73.18014429358047,3.841458820694124
0.99685,5.893046289931288e-06,72.80921357246852,3.841458820694124
0.9969,5.74734552201134e-06,72.43368915710002,3.841458820694124
0.99695,5.6034880258055985e-06,72.05345664294852,3.841458820694124
0.997,5.461473609453076e-06,71.6683973367918,3.841458820694124
0.99705,5.321302080978003e-06,71.27838804108784,3.841458820694124
0.9971,5.182973248490741e-06,70.88330082602673,3.841458820694124
0.99715,5.046486920100134e-06,70.48300278630333,3.841458820694124
0.9972,4.9118429039041226e-06,70.0773557824729,3.841458820694124
0.99725,4.779041008003775e-06,69.66621616555486,3.841458820694124
0.9973,4.6480810405340884e-06,69.24943448356446,3.841458820694124
0.99735,4.518962809610888e-06,68.82685516822006,3.841458820694124
0.9974,4.391686123359801e-06,68.39831620077592,3.841458820694124
0.99745,4.2662507899633765e-06,67.96364875510268,3.841458820694124
0.9975,4.142656617550316e-06,67.5226768155267,3.841458820694124
0.99755,4.020903414302373e-06,67.0752167686686,3.841458820694124
0.9976,3.900990988291043e-06,66.62107696532874,3.841458820694124
0.99765,3.782919147814386e-06,66.16005725280064,3.841458820694124
0.9977,3.6666877009975895e-06,65.69194847027771,3.841458820694124
0.99775,3.552296456025053e-06,65.21653190952432,3.841458820694124
0.9978,3.439745221108352e-06,64.73357873420254,3.841458820694124
0.99785,3.329033804441979e-06,64.24284935515729,3.841458820694124
0.9979,3.2201620142619464e-06,63.74409275821615,3.841458820694124
0.99795,3.1131296587522903e-06,63.23704577901015,3.841458820694124
0.998,3.0079365461738428e-06,62.72143232168147,3.841458820694124
0.99805,2.9045824847362958e-06,62.19696251392094,3.841458820694124
0.9981,2.8030672826940868e-06,61.66333179468191,3.841458820694124
0.99815,2.703390748308364e-06,61.12021992631653,3.841458820694124
0.9982,2.6055526898254212e-06,60.567289924560235,3.841458820694124
0.99825,2.509552915508588e-06,60.004186898538336,3.841458820694124
0.9983,2.4153912336420824e-06,59.43053679141228,3.841458820694124
0.99835,2.323067452503918e-06,58.845945011648816,3.841458820694124
0.9984,2.232581380392616e-06,58.24999494434926,3.841458820694124
0.99845,2.1439328255903768e-06,57.64224632958422,3.841458820694124
0.9984999999999999,2.0571215964208917e-06,57.02223349503587,3.841458820694124
0.99855,1.972147501172767e-06,56.38946342610778,3.841458820694124
0.9986,1.8890103481876037e-06,55.7434136585508,3.841458820694124
0.99865,1.8077099457918238e-06,55.083529972347755,3.841458820694124
0.9987,1.7282461023164926e-06,54.40922386748147,3.841458820694124
0.99875,1.6506186261054615e-06,53.71986979740663,3.841458820694124
0.9988,1.57482732550992e-06,53.01480213409115,3.841458820694124
0.99885,1.5008720088885687e-06,52.29331183586007,3.841458820694124
0.9989,1.4287524846179768e-06,51.55464278614369,3.841458820694124
0.99895,1.3584685610646712e-06,50.79798776744857,3.841458820694124
0.999,1.2900200466143947e-06,50.02248403299494,3.841458820694124
0.99905,1.2234067496555877e-06,49.227208433136255,3.841458820694124
0.9991,1.1586284785913234e-06,48.41117205234186,3.841458820694124
0.99915,1.0956850418237103e-06,47.57331430845766,3.841458820694124
0.9992,1.0345762477689144e-06,46.712496465568805,3.841458820694124
0.99925,9.75301904846015e-07,45.82749451025295,3.841458820694124
0.9993,9.178618214875291e-07,44.91699134483718,3.841458820694124
0.99935,8.622558061297709e-07,43.97956825666402,3.841458820694124
0.9994,8.084836672168436e-07,43.01369563640397,3.841458820694124
0.99945,7.565452132034392e-07,42.01772294039033,3.841458820694124
0.9995,7.064402525476236e-07,40.98986792912526,3.841458820694124
0.99955,6.581685937208914e-07,39.92820527380085,3.841458820694124
0.9996,6.11730045198954e-07,38.83065471303087,3.841458820694124
0.99965,5.671244154621864e-07,37.694969083502,3.841458820694124
0.9997,5.243515130063034e-07,36.518722760785906,3.841458820694124
0.99975,4.834111463299558e-07,35.2993013672344,3.841458820694124
0.9998,4.44303123941269e-07,34.03389409035483,3.841458820694124
0.99985,4.0702725435255275e-07,32.719490682479844,3.841458820694124
0.9999,3.7158334608958576e-07,31.352886311836887,3.841458820694124
0.99995,3.379712076832599e-07,29.930699086586525,3.841458820694124
1.0,3.061906476692961e-07,28.449407567519614,3.841458820694124
1.00005,2.762414745968346e-07,26.90541934182022,3.841458820694124
1.0001,2.4812349701917106e-07,25.295187385347592,3.841458820694124
1.00015,2.218365234980377e-07,23.61539942387412,3.841458820694124
1.0002,1.9738036260272803e-07,21.863278101626268,3.841458820694124
1.00025,1.7475482291214476e-07,20.037048169174195,3.841458820694124
1.0003,1.539597130113011e-07,18.13665293980286,3.841458820694124
1.00035,1.3499484149288114e-07,16.164836972470773,3.841458820694124
1.0004,1.1786001695885455e-07,14.128752823796662,3.841458820694124
1.00045,1.025550480171359e-07,12.04228409793875,3.841458820694124
1.0005,8.907974328489354e-08,9.92926788234359,3.841458820694124
1.00055,7.743391138682637e-08,7.827660718154892,3.841458820694124
1.0006,6.761736095455418e-08,5.794260008267263,3.841458820694124
1.00065,5.962990062879453e-08,3.908645524358129,3.841458820694124
1.0007,5.3471339057643585e-08,2.273475351374828,3.841458820694124
1.00075,4.914148489659576e-08,1.0068422389894054,3.841458820694124
1.0008,4.664014680937574e-08,0.22321382057052452,3.841458820694124
1.00085,4.5967133467440264e-08,0.005188243522893973,3.841458820694124
1.0009,4.712225355035385e-08,0.37746893387143954,3.841458820694124
1.00095,5.0105315744919964e-08,1.2981950516330574,3.841458820694124
1.001,5.491612874634345e-08,2.6733948161398424,3.841458820694124
1.00105,6.155450125753212e-08,4.385133199490474,3.841458820694124
1.0011,7.002024198926242e-08,6.318054047141686,3.841458820694124
1.00115,8.031315965936107e-08,8.375290805001278,3.841458820694124
1.0012,9.243306299487007e-08,10.483559563255202,3.841458820694124
1.00125,1.0637976072963592e-07,12.591518575911591,3.841458820694124
1.0013,1.2215306160604358e-07,14.665411399868498,3.841458820694124
1.00135,1.3975277437327945e-07,16.684412937915972,3.841458820694124
1.0014,1.5917870779100634e-07,18.63670126581673,3.841458820694124
1.00145,1.8043067062254468e-07,20.51648759002912,3.841458820694124
1.0015,2.0350847164320152e-07,22.321902979990156,3.841458820694124
1.00155,2.2841191963281622e-07,24.053548433618285,3.841458820694124
1.0016,2.551408233806748e-07,25.71352309345764,3.841458820694124
1.00165,2.8369499168605457e-07,27.30478379584194,3.841458820694124
1.0017,3.140742333513061e-07,28.83072902301577,3.841458820694124
1.00175,3.4627835719122115e-07,30.294932756902092,3.841458820694124
1.0018,3.8030717202562434e-07,31.70097757859478,3.841458820694124
1.00185,4.161604866837989e-07,33.0523530417456,3.841458820694124
1.0019,4.538381100004337e-07,34.3523967025132,3.841458820694124
1.00195,4.933398508227311e-07,35.6042628112521,3.841458820694124
1.002,5.346655180000301e-07,36.81090874495865,3.841458820694124
1.00205,5.778149203933378e-07,37.97509263125171,3.841458820694124
1.0021,6.227878668720103e-07,39.099377847154905,3.841458820694124
1.00215,6.695841663109742e-07,40.1861415604034,3.841458820694124
1.0022,7.182036276014429e-07,41.237585465432524,3.841458820694124
1.00225,7.686460596196335e-07,42.25574751901176,3.841458820694124
1.0023,8.209112712756443e-07,43.24251391902482,3.841458820694124
1.00235,8.749990714686893e-07,44.199630851979116,3.841458820694124
1.0024,9.309092691205795e-07,45.128715732801446,3.841458820694124
1.00245,9.886416731556345e-07,46.031267779687774,3.841458820694124
1.0025,1.0481960924996664e-06,46.90867785242817,3.841458820694124
1.00255,1.1095723360983038e-06,47.76223753337656,3.841458820694124
1.0026,1.1727702128951882e-06,48.5931474622247,3.841458820694124
1.00265,1.2377895318388452e-06,49.40252495729657,3.841458820694124
1.0027,1.304630101899988e-06,50.19141096567624,3.841458820694124
1.00275,1.3732917320516245e-06,50.960776389621344,3.841458820694124
1.0028,1.44377423126644e-06,51.71152783965943,3.841458820694124
1.00285,1.5160774085313687e-06,52.444512863332,3.841458820694124
1.0029,1.5902010728374084e-06,53.16052469614499,3.841458820694124
1.00295,1.6661450331957167e-06,53.86030657945901,3.841458820694124
1.0030000000000001,1.7439090986131817e-06,54.54455568563817,3.841458820694124
1.00305,1.8234930781005204e-06,55.21392668880215,3.841458820694124
1.0031,1.9048967806967406e-06,55.86903501527605,3.841458820694124
1.00315,1.988120015416181e-06,56.510459804132736,3.841458820694124
1.0032,2.07316259133057e-06,57.13874660768952,3.841458820694124
1.00325,2.160024317462046e-06,57.754409854789756,3.841458820694124
1.0033,2.248705002881365e-06,58.35793510273158,3.841458820694124
1.00335,2.3392044566496794e-06,58.94978109564507,3.841458820694124
1.0034,2.431522487852464e-06,59.53038164958842,3.841458820694124
1.00345,2.5256589055548114e-06,60.100147379736,3.841458820694124
1.0035,2.621613518847564e-06,60.65946728561774,3.841458820694124
1.00355,2.7193861368404996e-06,61.208710206816626,3.841458820694124
1.0036,2.818976568618215e-06,61.7482261612745,3.841458820694124
1.00365,2.920384623322427e-06,62.27834757786098,3.841458820694124
1.0037,3.023610110066331e-06,62.79939043126234,3.841458820694124
1.00375,3.1286528379501657e-06,63.31165528940309,3.841458820694124
1.0038,3.2355126161401655e-06,63.81542828094019,3.841458820694124
1.00385,3.344189253784435e-06,64.31098198881872,3.841458820694124
1.0039,3.4546825600168775e-06,64.79857627753084,3.841458820694124
1.00395,3.566992344009467e-06,65.27845905956964,3.841458820694124
1.004,3.6811184149408163e-06,65.75086700569814,3.841458820694124
1.00405,3.7970605819587787e-06,66.21602620412507,3.841458820694124
1.0041,3.9148186542706765e-06,66.67415277336046,3.841458820694124
1.00415,4.034392441065108e-06,67.12545343140557,3.841458820694124
1.0042,4.1557817515398874e-06,67.5701260259095,3.841458820694124
1.00425,4.27898639491148e-06,68.00836002795127,3.841458820694124
1.0043,4.404006180386725e-06,68.44033699229026,3.841458820694124
1.00435,4.530840917197525e-06,68.86623098707577,3.841458820694124
1.0044,4.659490414575654e-06,69.28620899497575,3.841458820694124
1.00445,4.789954481754116e-06,69.7004312882203,3.841458820694124
1.0045,4.922232927992421e-06,70.10905177953019,3.841458820694124
1.00455,5.0563255625458614e-06,70.51221835050264,3.841458820694124
1.0046,5.1922321946654085e-06,70.91007315940362,3.841458820694124
1.00465,5.3299526336420055e-06,71.3027529299139,3.841458820694124
1.0047,5.469486688744334e-06,71.69038922179006,3.841458820694124
1.00475,5.610834169258731e-06,72.07310868533537,3.841458820694124
1.0048,5.753994884496665e-06,72.451033300455,3.841458820694124
1.00485,5.898968643746567e-06,72.82428060133475,3.841458820694124
1.0049,6.045755256324902e-06,73.1929638881464,3.841458820694124
1.00495,6.194354531554284e-06,73.55719242623387,3.841458820694124
1.005,6.344766278761118e-06,73.917071633874,3.841458820694124
1.00505,6.496990307293524e-06,74.2727032593817,3.841458820694124
1.0051,6.651026426486093e-06,74.62418554810377,3.841458820694124
1.00515,6.806874445698512e-06,74.97161340026327,3.841458820694124
1.0052,6.96453417424981e-06,75.31507851985545,3.841458820694124
1.00525,7.124005421601664e-06,75.6546695559423,3.841458820694124
1.0053,7.285287997005745e-06,75.9904722351699,3.841458820694124
1.00535,7.448381709962318e-06,76.32256948888207,3.841458820694124
1.0054,7.613286369806171e-06,76.6510415717044,3.841458820694124
1.00545,7.780001785925896e-06,76.97596617519098,3.841458820694124
1.0055,7.948527767764859e-06,77.29741853512165,3.841458820694124
1.00555,8.118864124726841e-06,77.61547153310343,3.841458820694124
1.0056,8.291010666207701e-06,77.93019579323749,3.841458820694124
1.00565,8.464967201718297e-06,78.24165977406624,3.841458820694124
1.0057,8.640733540606051e-06,78.5499298552134,3.841458820694124
1.00575,8.81830949237243e-06,78.85507042078493,3.841458820694124
1.0058,8.99769486645859e-06,79.15714393775484,3.841458820694124
1.00585,9.178889472333994e-06,79.45621103106498,3.841458820694124
1.0059,9.36189311947244e-06,79.75233055492005,3.841458820694124
1.00595,9.546705617347768e-06,80.04555966071688,3.841458820694124
1.006,9.73332677550075e-06,80.33595386187467,3.841458820694124
1.00605,9.92175640331747e-06,80.62356709518673,3.841458820694124
1.0061,1.0111994310370703e-05,80.9084517801833,3.841458820694124
1.00615,1.0304040306189818e-05,81.19065887489829,3.841458820694124
1.0062,1.0497894200257235e-05,81.47023792944067,3.841458820694124
1.00625,1.0693555802162289e-05,81.7472371373661,3.841458820694124
1.0063,1.0891024921375381e-05,82.02170338421045,3.841458820694124
1.00635,1.109030136745389e-05,82.29368229447255,3.841458820694124
1.0064,1.1291384949985875e-05,82.56321827616172,3.841458820694124
1.00645,1.1494275478476907e-05,82.83035456333167,3.841458820694124
1.0065,1.1698972762557651e-05,83.0951332571936,3.841458820694124
1.00655,1.1905476611794661e-05,83.35759536494787,3.841458820694124
1.0066,1.2113786835694853e-05,83.61778083721744,3.841458820694124
1.00665,1.2323903243946198e-05,83.87572860418764,3.841458820694124
1.0067,1.2535825646117336e-05,84.13147660956741,3.841458820694124
1.00675,1.2749553851802761e-05,84.38506184368597,3.841458820694124
1.0068,1.2965087670620528e-05,84.63652037504458,3.841458820694124
1.00685,1.3182426912262413e-05,84.88588738063856,3.841458820694124
1.0069,1.3401571386245036e-05,85.13319717471174,3.841458820694124
1.00695,1.3622520902311415e-05,85.3784832370862,3.841458820694124
1.0070000000000001,1.3845275270066832e-05,85.62177823950606,3.841458820694124
1.00705,1.4069834299172252e-05,85.86311407155478,3.841458820694124
1.0071,1.4296197799295841e-05,86.10252186528814,3.841458820694124
1.00715,1.4524365580118946e-05,86.34003201896542,3.841458820694124
1.0072,1.4754337451306061e-05,86.575674219825,3.841458820694124
1.00725,1.4986113222568169e-05,86.80947746607998,3.841458820694124
1.0073,1.5219692703585753e-05,87.04147008793316,3.841458820694124
1.00735,1.54550757040585e-05,87.27167976792376,3.841458820694124
1.0074,1.5692262033750954e-05,87.50013356050306,3.841458820694124
1.00745,1.593125150233454e-05,87.72685791068592,3.841458820694124
1.0075,1.617204391951901e-05,87.95187867228788,3.841458820694124
1.00755,1.6414639095148214e-05,88.17522112545291,3.841458820694124
1.0076,1.6659036838835724e-05,88.39690999312249,3.841458820694124
1.00765,1.690523696040989e-05,88.61696945764318,3.841458820694124
1.0077,1.7153239269641846e-05,88.83542317612898,3.841458820694124
1.00775,1.7403043576314946e-05,89.05229429558156,3.841458820694124
1.0078,1.7654649690221215e-05,89.2676054674087,3.841458820694124
1.00785,1.7908057420981434e-05,89.48137886128384,3.841458820694124
1.0079,1.8163266578612038e-05,89.69363617914459,3.841458820694124
1.00795,1.842027697276569e-05,89.90439866760151,3.841458820694124
1.008,1.8679088413341523e-05,90.11368713104923,3.841458820694124
1.0080500000000001,1.8939700710053643e-05,90.32152194347864,3.841458820694124
1.0081,1.9202113672827495e-05,90.52792306055038,3.841458820694124
1.00815,1.9466327111539854e-05,90.7329100307389,3.841458820694124
1.0082,1.9732340835937754e-05,90.93650200624796,3.841458820694124
1.00825,2.0000154655835496e-05,91.13871775377304,3.841458820694124
1.0083,2.0269768381233913e-05,91.33957566484213,3.841458820694124
1.00835,2.054118182194284e-05,91.5390937654491,3.841458820694124
1.0084,2.081439478783015e-05,91.737289725836,3.841458820694124
1.00845,2.10894070886946e-05,91.93418086968123,3.841458820694124
1.0085,2.136621853456728e-05,92.12978418329574,3.841458820694124
1.00855,2.164482893528814e-05,92.32411632401184,3.841458820694124
1.0086,2.1925238100696153e-05,92.51719362873766,3.841458820694124
1.00865,2.2207445840851616e-05,92.70903212225568,3.841458820694124
1.0087,2.2491451965574638e-05,92.89964752479736,3.841458820694124
1.00875,2.27772562849606e-05,93.08905526003738,3.841458820694124
1.0088,2.306485860871419e-05,93.2772704620557,3.841458820694124
1.00885,2.3354258746908174e-05,93.4643079830184,3.841458820694124
1.0089,2.3645456509446393e-05,93.65018239977874,3.841458820694124
1.00895,2.393845170638547e-05,93.83490802082966,3.841458820694124
1.009,2.4233244147677024e-05,94.01849889267743,3.841458820694124
1.00905,2.452983364320829e-05,94.20096880621217,3.841458820694124
1.0091,2.4828220003068247e-05,94.38233130302234,3.841458820694124
1.00915,2.512840303728055e-05,94.56259968119551,3.841458820694124
1.0092,2.543038255566191e-05,94.74178700102782,3.841458820694124
1.00925,2.573415836853226e-05,94.9199060910651,3.841458820694124
1.0093,2.603973028560577e-05,95.09696955290146,3.841458820694124
1.00935,2.6347098116990688e-05,95.2729897670652,3.841458820694124
1.0094,2.665626167302439e-05,95.44797889805497,3.841458820694124
1.00945,2.696722076332624e-05,95.62194889879977,3.841458820694124
1.0095,2.7279975198187818e-05,95.79491151629767,3.841458820694124
1.00955,2.7594524787634695e-05,95.96687829579682,3.841458820694124
1.0096,2.791086934173325e-05,96.1378605855482,3.841458820694124
1.00965,2.8229008670637095e-05,96.30786954127892,3.841458820694124
1.0097,2.8548942584252033e-05,96.47691613033918,3.841458820694124
1.00975,2.887067089282801e-05,96.64501113622187,3.841458820694124
1.0098,2.9194193406443976e-05,96.81216516237609,3.841458820694124
1.00985,2.9519509935092273e-05,96.97838863623068,3.841458820694124
1.0099,2.9846620289075704e-05,97.14369181326268,3.841458820694124
1.00995,3.0175524278522246e-05,97.30808478050861,3.841458820694124
1.01,3.0506221713345565e-05,97.47157746020912,3.841458820694124
1.0100500000000001,3.0838712403935673e-05,97.63417961371088,3.841458820694124
1.0101,3.1172996160250147e-05,97.79590084448171,3.841458820694124
1.01015,3.1509072792639666e-05,97.95675060188702,3.841458820694124
1.0102,3.184694211118681e-05,98.11673818415134,3.841458820694124
1.01025,3.2186603926013405e-05,98.27587274170433,3.841458820694124
1.0103,3.2528058047277614e-05,98.43416328029055,3.841458820694124
1.01035,3.2871304285307296e-05,98.59161866406022,3.841458820694124
1.0104,3.321634245031999e-05,98.74824761839062,3.841458820694124
1.01045,3.3563172352408635e-05,98.90405873275805,3.841458820694124
1.0105,3.3911793801812335e-05,99.0590604636619,3.841458820694124
1.01055,3.4262206608949674e-05,99.21326113736578,3.841458820694124
1.0106,3.461441058377469e-05,99.36666895227465,3.841458820694124
1.01065,3.496840553665427e-05,99.51929198191431,3.841458820694124
1.0107,3.5324191277771734e-05,99.67113817719653,3.841458820694124
1.01075,3.5681767617485044e-05,99.82221536903748,3.841458820694124
1.0108,3.604113436613375e-05,99.97253127067617,3.841458820694124
1.01085,3.640229133368834e-05,100.12209347987314,3.841458820694124
1.0109,3.6765238330999844e-05,100.27090948171265,3.841458820694124
1.01095,3.7129975167596626e-05,100.41898664992331,3.841458820694124
1.0110000000000001,3.74965016543448e-05,100.56633225014276,3.841458820694124
1.01105,3.786481760143647e-05,100.71295344121539,3.841458820694124
1.0111,3.823492281899302e-05,100.85885727751163,3.841458820694124
1.01115,3.860681711766568e-05,101.00405071118234,3.841458820694124
1.0112,3.898050030761186e-05,101.14854059372591,3.841458820694124
1.01125,3.935597219909372e-05,101.29233367814966,3.841458820694124
1.0113,3.973323260266804e-05,101.43543662091764,3.841458820694124
1.01135,4.011228132834451e-05,101.57785598346439,3.841458820694124
1.0114,4.049311818693749e-05,101.7195982344957,3.841458820694124
1.01145,4.0875742988564666e-05,101.86066975117227,3.841458820694124
1.0115,4.1260155543529975e-05,102.00107682115014,3.841458820694124
1.01155,4.1646355662397124e-05,102.1408256442721,3.841458820694124
1.0116,4.203434315553004e-05,102.27992233402854,3.841458820694124
1.01165,4.242411783335948e-05,102.41837291924692,3.841458820694124
1.0117,4.2815679506139916e-05,102.55618334556078,3.841458820694124
1.01175,4.3209027984497206e-05,102.6933594771226,3.841458820694124
1.0118,4.360416307872974e-05,102.82990709784258,3.841458820694124
1.01185,4.400108459950109e-05,102.96583191308176,3.841458820694124
1.0119,4.439979235697051e-05,103.10113955077153,3.841458820694124
1.01195,4.480028616169529e-05,103.23583556311073,3.841458820694124
1.012,4.520256582421421e-05,103.36992542777742,3.841458820694124
1.0120500000000001,4.560663115486661e-05,103.503414549196,3.841458820694124
1.0121,4.6012481964297674e-05,103.6363082600014,3.841458820694124
1.01215,4.642011806287536e-05,103.76861182211452,3.841458820694124
1.0122,4.6829539261166695e-05,103.90033042813916,3.841458820694124
1.01225,4.7240745369895114e-05,104.03146920255885,3.841458820694124
1.0123,4.765373619894882e-05,104.16203320260962,3.841458820694124
1.01235,4.8068511559469225e-05,104.29202742010423,3.841458820694124
1.0124,4.84850712616995e-05,104.42145678188584,3.841458820694124
1.01245,4.890341511622097e-05,104.55032615133108,3.841458820694124
1.0125,4.932354293365971e-05,104.67864032934438,3.841458820694124
1.01255,4.974545452445953e-05,104.80640405535384,3.841458820694124
1.0126,5.016914969934725e-05,104.93362200849505,3.841458820694124
1.01265,5.059462826859502e-05,105.06029880840907,3.841458820694124
1.0127,5.102189004316892e-05,105.18643901658476,3.841458820694124
1.01275,5.1450934833349156e-05,105.31204713692581,3.841458820694124
1.0128,5.18817624499403e-05,105.43712761706676,3.841458820694124
1.01285,5.231437270345511e-05,105.56168484907033,3.841458820694124
1.0129,5.274876540445737e-05,105.6857231704467,3.841458820694124
1.01295,5.3184940363739274e-05,105.80924686510251,3.841458820694124
1.013,5.3622897391745396e-05,105.93226016405794,3.841458820694124
1.01305,5.406263629918051e-05,106.05476724648248,3.841458820694124
1.0131000000000001,5.4504156896904755e-05,106.17677224050857,3.841458820694124
1.01315,5.494745899504692e-05,106.29827922381615,3.841458820694124
1.0132,5.539254240480017e-05,106.41929222493869,3.841458820694124
1.01325,5.583940693661939e-05,106.53981522356256,3.841458820694124
1.0133,5.628805240115634e-05,106.65985215156381,3.841458820694124
1.01335,5.673847860927319e-05,106.77940689377344,3.841458820694124
1.0134,5.719068537140326e-05,106.89848328855622,3.841458820694124
1.01345,5.7644672498406706e-05,107.01708512877178,3.841458820694124
1.0135,5.8100439801144094e-05,107.13521616237963,3.841458820694124
1.01355,5.855798709001566e-05,107.25288009302643,3.841458820694124
1.0136,5.901731417594715e-05,107.37008058099278,3.841458820694124
1.01365,5.947842086969789e-05,107.4868212436916,3.841458820694124
1.0137,5.994130698192763e-05,107.6031056563514,3.841458820694124
1.01375,6.040597232349507e-05,107.71893735274364,3.841458820694124
1.0138,6.087241670501336e-05,107.83431982571066,3.841458820694124
1.01385,6.13406399374437e-05,107.94925652794062,3.841458820694124
1.0139,6.181064183135986e-05,108.06375087240096,3.841458820694124
1.01395,6.228242219774898e-05,108.17780623313855,3.841458820694124
1.014,6.275598084730281e-05,108.29142594569869,3.841458820694124
1.0140500000000001,6.323131759081902e-05,108.40461330780386,3.841458820694124
1.0141,6.370843223911907e-05,108.51737157990365,3.841458820694124
1.01415,6.418732460312339e-05,108.62970398575138,3.841458820694124
1.0142,6.466799449340547e-05,108.74161371284885,3.841458820694124
1.01425,6.515044172116596e-05,108.85310391321222,3.841458820694124
1.0143,6.563466609695827e-05,108.96417770360428,3.841458820694124
1.01435,6.612066743188404e-05,109.07483816632995,3.841458820694124
1.0144,6.660844553649157e-05,109.18508834949328,3.841458820694124
1.01445,6.709800022203226e-05,109.29493126778272,3.841458820694124
1.0145,6.758933129895174e-05,109.40436990262171,3.841458820694124
1.01455,6.80824385785472e-05,109.51340720302225,3.841458820694124
1.0146,6.857732187153256e-05,109.62204608573755,3.841458820694124
1.01465,6.907398098874313e-05,109.73028943588443,3.841458820694124
1.0147,6.9572415741315e-05,109.83814010743738,3.841458820694124
1.01475,7.007262593990455e-05,109.94560092350741,3.841458820694124
1.0148,7.05746113955868e-05,110.05267467697675,3.841458820694124
1.01485,7.107837191935733e-05,110.15936413082296,3.841458820694124
1.0149,7.158390732205922e-05,110.26567201852882,3.841458820694124
1.01495,7.209121741466106e-05,110.37160104455857,3.841458820694124
1.0150000000000001,7.260030200816356e-05,110.4771538847474,3.841458820694124
1.01505,7.311116091352498e-05,110.58233318668847,3.841458820694124
1.0151000000000001,7.362379394175291e-05,110.68714157014769,3.841458820694124
1.01515,7.413820090379469e-05,110.7915816274296,3.841458820694124
1.0152,7.465438161071077e-05,110.89565592379472,3.841458820694124
1.01525,7.51723358733703e-05,110.99936699777324,3.841458820694124
1.0153,7.569206350291791e-05,111.10271736162767,3.841458820694124
1.01535,7.621356431035175e-05,111.20570950163035,3.841458820694124
1.0154,7.673683810669497e-05,111.30834587845432,3.841458820694124
1.01545,7.726188470303714e-05,111.41062892753123,3.841458820694124
1.0155,7.778870391027753e-05,111.51256105934574,3.841458820694124
1.01555,7.8317295539606e-05,111.61414465986715,3.841458820694124
1.0156,7.884765940210235e-05,111.71538209080401,3.841458820694124
1.01565,7.937979530872288e-05,111.81627568992928,3.841458820694124
1.0157,7.991370307061376e-05,111.91682777146154,3.841458820694124
1.01575,8.044938249892074e-05,112.01704062634444,3.841458820694124
1.0158,8.098683340464724e-05,112.11691652253133,3.841458820694124
1.01585,8.152605559898313e-05,112.21645770535235,3.841458820694124
1.0159,8.206704889292866e-05,112.31566639774525,3.841458820694124
1.01595,8.260981309774225e-05,112.41454480063345,3.841458820694124
1.016,8.315434802450445e-05,112.51309509313676,3.841458820694124
1.0160500000000001,8.370065348430413e-05,112.61131943289175,3.841458820694124
1.0161,8.424872928838859e-05,112.70921995635989,3.841458820694124
1.01615,8.479857524779055e-05,112.80679877903735,3.841458820694124
1.0162,8.535019117378222e-05,112.90405799580839,3.841458820694124
1.01625,8.590357687750266e-05,113.00099968114674,3.841458820694124
1.0163,8.645873217012565e-05,113.09762588940904,3.841458820694124
1.01635,8.701565686286654e-05,113.19393865509518,3.841458820694124
1.0164,8.757435076690252e-05,113.28993999308948,3.841458820694124
1.01645,8.81348136934428e-05,113.38563189892392,3.841458820694124
1.0165,8.86970454537084e-05,113.48101634902171,3.841458820694124
1.01655,8.926104585892455e-05,113.57609530093897,3.841458820694124
1.0166,8.982681472033546e-05,113.67087069360645,3.841458820694124
1.01665,9.039435184915341e-05,113.76534444755661,3.841458820694124
1.0167,9.096365705666398e-05,113.85951846517281,3.841458820694124
1.01675,9.153473015409457e-05,113.95339463089563,3.841458820694124
1.0168,9.210757095273098e-05,114.04697481146667,3.841458820694124
1.01685,9.268217926385576e-05,114.14026085613943,3.841458820694124
1.0169,9.325855489872808e-05,114.23325459689372,3.841458820694124
1.01695,9.383669766864267e-05,114.32595784865944,3.841458820694124
1.017,9.441660738493091e-05,114.41837240952762,3.841458820694124
1.01705,9.499828385887591e-05,114.51050006094445,3.841458820694124
1.0171000000000001,9.558172690178362e-05,114.60234256792728,3.841458820694124
1.01715,9.616693632501562e-05,114.693901679271,3.841458820694124
1.0172,9.675391193989838e-05,114.78517912773204,3.841458820694124
1.01725,9.734265355771785e-05,114.87617663022296,3.841458820694124
1.0173,9.793316098993797e-05,114.9668958880385,3.841458820694124
1.01735,9.85254340477963e-05,115.05733858698261,3.841458820694124
1.0174,9.911947254274347e-05,115.14750639762254,3.841458820694124
1.01745,9.971527628607899e-05,115.23740097541695,3.841458820694124
1.0175,0.0001003128450893279,115.32702396095377,3.841458820694124
1.01755,0.00010091217876379654,115.41637698006164,3.841458820694124
1.0176,0.00010151327712075104,115.50546164401283,3.841458820694124
1.01765,0.0001021161399718193,115.59427954975544,3.841458820694124
1.0177,0.00010272076712832087,115.68283227998461,3.841458820694124
1.01775,0.00010332715840169628,115.77112140337398,3.841458820694124
1.0178,0.00010393531360351462,115.85914847474193,3.841458820694124
1.01785,0.00010454523254486904,115.94691503512716,3.841458820694124
1.0179,0.00010515691503762292,116.0344226121293,3.841458820694124
1.01795,0.00010577036089296381,116.12167271985885,3.841458820694124
1.018,0.00010638556992237502,116.20866685923308,3.841458820694124
1.0180500000000001,0.00010700254193741521,116.29540651809754,3.841458820694124
1.0181,0.0001076212767496238,116.38189317136425,3.841458820694124
1.01815,0.0001082417741704535,116.46812828115169,3.841458820694124
1.0182,0.00010886403401134384,116.55411329694253,3.841458820694124
1.01825,0.00010948805608385691,116.63984965574734,3.841458820694124
1.0183,0.0001101138401994816,116.72533878222045,3.841458820694124
1.01835,0.00011074138616986006,116.8105820888319,3.841458820694124
1.0184,0.00011137069380628388,116.89558097593795,3.841458820694124
1.01845,0.00011200176292058118,116.98033683203823,3.841458820694124
1.0185,0.0001126345933241788,117.06485103378391,3.841458820694124
1.01855,0.00011326918482853971,117.1491249461702,3.841458820694124
1.0186,0.00011390553724559015,117.2331599227238,3.841458820694124
1.01865,0.00011454365038635511,117.316957305452,3.841458820694124
1.0187,0.0001151835240629783,117.40051842523653,3.841458820694124
1.01875,0.00011582515808656878,117.48384460167661,3.841458820694124
1.0188,0.00011646855226904668,117.5669371434544,3.841458820694124
1.01885,0.00011711370642191345,117.64979734829703,3.841458820694124
1.0189,0.00011776062035694843,117.73242650318743,3.841458820694124
1.01895,0.0001184092938856224,117.81482588440817,3.841458820694124
1.0190000000000001,0.00011905972681959331,117.89699675772233,3.841458820694124
1.01905,0.0001197119189704225,117.97894037845307,3.841458820694124
1.0191000000000001,0.00012036587015005819,118.06065799165842,3.841458820694124
1.01915,0.00012102158016984703,118.14215083212005,3.841458820694124
1.0192,0.00012167904884144933,118.22342012456929,3.841458820694124
1.01925,0.00012233827597708566,118.30446708382584,3.841458820694124
1.0193,0.0001229992613875986,118.38529291466773,3.841458820694124
1.01935,0.00012366200488546567,118.46589881230787,3.841458820694124
1.0194,0.00012432650628188354,118.54628596214222,3.841458820694124
1.01945,0.00012499276538889702,118.6264555401132,3.841458820694124
1.0195,0.00012566078201810393,118.70640871265479,3.841458820694124
1.01955,0.00012633055598112352,118.78614663685063,3.841458820694124
1.0196,0.0001270020870899007,118.86567046056956,3.841458820694124
1.01965,0.00012767537515592057,118.94498132247077,3.841458820694124
1.0197,0.0001283504199912084,119.02408035221897,3.841458820694124
1.01975,0.00012902722140749922,119.10296867048227,3.841458820694124
1.0198,0.0001297057792161915,119.181647389022,3.841458820694124
1.01985,0.00013038609322975808,119.2601176109495,3.841458820694124
1.0199,0.00013106816325930942,119.33838043053586,3.841458820694124
1.01995,0.00013175198911690169,119.41643693356997,3.841458820694124
1.02,0.00013243757061484921,119.49428819736713,3.841458820694124
1.0200500000000001,0.00013312490756399011,119.57193529066168,3.841458820694124
1.0201,0.0001338139997768062,119.6493792740483,3.841458820694124
1.0201500000000001,0.0001345048470651812,119.72662119981341,3.841458820694124
1.0202,0.0001351974492402556,119.80366211200598,3.841458820694124
1.02025,0.00013589180611462434,119.88050304676625,3.841458820694124
1.0203,0.00013658791750045625,119.95714503219804,3.841458820694124
1.02035,0.0001372857832083603,120.03358908832789,3.841458820694124
1.0204,0.00013798540305166813,120.10983622765589,3.841458820694124
1.02045,0.00013868677684076,120.18588745461417,3.841458820694124
1.0205,0.00013938990438871278,120.26174376626173,3.841458820694124
1.02055,0.00014009478550712352,120.33740615190749,3.841458820694124
1.0206,0.0001408014200083746,120.41287559343257,3.841458820694124
1.02065,0.0001415098077026967,120.48815306505274,3.841458820694124
1.0207,0.00014221994840350993,120.56323953396227,3.841458820694124
1.02075,0.0001429318419225269,120.6381359598855,3.841458820694124
1.0208,0.00014364548807140702,120.71284329532722,3.841458820694124
1.02085,0.0001443608866622518,120.78736248569632,3.841458820694124
1.0209,0.00014507803750740835,120.86169446935551,3.841458820694124
1.02095,0.00014579694041792359,120.93584017753207,3.841458820694124
1.021,0.00014651759520616157,121.00980053465845,3.841458820694124
1.02105,0.0001472400016849812,121.08357645835392,3.841458820694124
1.0211000000000001,0.00014796415966566076,121.15716885928052,3.841458820694124
1.02115,0.00014869006895951918,121.23057864137755,3.841458820694124
1.0212,0.00014941772937997102,121.3038067021339,3.841458820694124
1.02125,0.00015014714073815772,121.3768539322117,3.841458820694124
1.0213,0.00015087830284614312,121.44972121583402,3.841458820694124
1.02135,0.00015161121551553194,121.52240943070971,3.841458820694124
1.0214,0.00015234587856031577,121.5949194483776,3.841458820694124
1.02145,0.00015308229179008523,121.66725213359788,3.841458820694124
1.0215,0.00015382045501870703,121.73940834527015,3.841458820694124
1.02155,0.00015456036805749655,121.81138893582134,3.841458820694124
1.0216,0.00015530203071827296,121.88319475156676,3.841458820694124
1.02165,0.00015604544281347494,121.95482663277926,3.841458820694124
1.0217,0.00015679060415529493,122.02628541366349,3.841458820694124
1.02175,0.0001575375145555543,122.09757192240238,3.841458820694124
1.0218,0.00015828617382643244,122.16868698128428,3.841458820694124
1.02185,0.00015903658178084611,122.23963140679427,3.841458820694124
1.0219,0.00015978873822927828,122.31040600937068,3.841458820694124
1.02195,0.00016054264298595133,122.38101159404229,3.841458820694124
1.022,0.00016129829586152223,122.45144895979541,3.841458820694124
1.0220500000000001,0.00016205569666838436,122.52171890012609,3.841458820694124
1.0221,0.00016281484521944132,122.59182220297666,3.841458820694124
1.0221500000000001,0.00016357574132524544,122.66175965052479,3.841458820694124
1.0222,0.0001643383847997519,122.73153201976561,3.841458820694124
1.02225,0.00016510277545438498,122.80114008201677,3.841458820694124
1.0223,0.00016586891310110238,122.87058460325177,3.841458820694124
1.02235,0.0001666367975530263,122.93986634420557,3.841458820694124
1.0224,0.00016740642862150378,123.00898606015852,3.841458820694124
1.02245,0.00016817780611911524,123.07794450125735,3.841458820694124
1.0225,0.00016895092985736126,123.14674241235566,3.841458820694124
1.02255,0.00016972579964903673,123.21538053327384,3.841458820694124
1.0226,0.00017050241530713797,123.28385959874757,3.841458820694124
1.02265,0.0001712807766447671,123.352180338466,3.841458820694124
1.0227,0.000172060883471228,123.42034347677728,3.841458820694124
1.02275,0.00017284273560029697,123.4883497334597,3.841458820694124
1.0228,0.000173626332843053,123.55619982313857,3.841458820694124
1.02285,0.00017441167501568521,123.62389445600773,3.841458820694124
1.0229,0.0001751987619263257,123.69143433673644,3.841458820694124
1.02295,0.00017598759338884284,123.75882016570431,3.841458820694124
1.0230000000000001,0.00017677816921604463,123.8260526384567,3.841458820694124
1.02305,0.00017757048921947474,123.89313244573242,3.841458820694124
1.0231000000000001,0.00017836455321136328,123.96006027367207,3.841458820694124
1.02315,0.0001791603610048,124.02683680387337,3.841458820694124
1.0232,0.000179957912411853,124.09346271327378,3.841458820694124
1.02325,0.00018075720724454163,124.15993867427409,3.841458820694124
1.0233,0.00018155824531583154,124.22626535486101,3.841458820694124
1.02335,0.00018236102643715,124.2924434184411,3.841458820694124
1.0234,0.00018316555042279762,124.3584735242442,3.841458820694124
1.02345,0.00018397181708246777,124.42435632674749,3.841458820694124
1.0235,0.00018477982623111026,124.49009247652305,3.841458820694124
1.02355,0.00018558957767929362,124.55568261948768,3.841458820694124
1.0236,0.00018640107124052473,124.6211273975375,3.841458820694124
1.02365,0.0001872143067270552,124.68642744824416,3.841458820694124
1.0237,0.0001880292839512596,124.75158340500386,3.841458820694124
1.02375,0.0001888460027255358,124.8165958970658,3.841458820694124
1.0238,0.0001896644628623111,124.88146554956887,3.841458820694124
1.02385,0.0001904846641740393,124.94619298357699,3.841458820694124
1.0239,0.00019130660647364718,125.01077881614948,3.841458820694124
1.02395,0.0001921302895724254,125.07522366021067,3.841458820694124
1.024,0.00019295571328421126,125.13952812491229,3.841458820694124
1.0240500000000001,0.00019378287742081294,125.2036928153094,3.841458820694124
1.0241,0.0001946117817951098,125.26771833263639,3.841458820694124
1.0241500000000001,0.00019544242621923817,125.33160527419972,3.841458820694124
1.0242,0.00019627481050631435,125.39535423354381,3.841458820694124
1.02425,0.00019710893446831188,125.45896580032075,3.841458820694124
1.0243,0.0001979447979177982,125.52244056045619,3.841458820694124
1.02435,0.00019878240066796075,125.58577909618245,3.841458820694124
1.0244,0.00019962174253039975,125.64898198590339,3.841458820694124
1.02445,0.0002004628233181253,125.7120498044527,3.841458820694124
1.0245,0.00020130564284396375,125.774983123004,3.841458820694124
1.02455,0.00020215020092033273,125.83778250908513,3.841458820694124
1.0246,0.00020299649736002582,125.90044852666732,3.841458820694124
1.02465,0.000203844531975613,125.96298173615048,3.841458820694124
1.0247,0.0002046943045790484,126.02538269436471,3.841458820694124
1.02475,0.0002055458149837264,126.08765195475075,3.841458820694124
1.0248,0.00020639906300189872,126.14979006719932,3.841458820694124
1.02485,0.0002072540484468316,126.21179757823766,3.841458820694124
1.0249,0.0002081107711307896,126.27367503091152,3.841458820694124
1.02495,0.0002089692308655157,126.33542296484924,3.841458820694124
1.025,0.00020982942746509785,126.3970419164955,3.841458820694124
1.02505,0.00021069136074126934,126.45853241880093,3.841458820694124
1.0251000000000001,0.00021155503050763623,126.51989500155284,3.841458820694124
1.02515,0.00021242043657575396,126.58113019112238,3.841458820694124
1.0252000000000001,0.00021328757875935757,126.64223851079208,3.841458820694124
1.02525,0.00021415645687063652,126.70322048051821,3.841458820694124
1.0253,0.00021502707072175472,126.7640766170655,3.841458820694124
1.02535,0.0002158994201272799,126.82480743420179,3.841458820694124
1.0254,0.00021677350489822576,126.88541344230836,3.841458820694124
1.02545,0.0002176493248476616,126.94589514879696,3.841458820694124
1.0255,0.00021852687978847333,127.00625305797848,3.841458820694124
1.02555,0.00021940616953424047,127.06648767114822,3.841458820694124
1.0256,0.00022028719389615876,127.12659948640004,3.841458820694124
1.02565,0.00022116995268876705,127.18658899904271,3.841458820694124
1.0257,0.00022205444572329425,127.24645670116999,3.841458820694124
1.02575,0.0002229406728134039,127.30620308207578,3.841458820694124
1.0258,0.0002238286337716812,127.36582862803911,3.841458820694124
1.02585,0.00022471832841131255,127.42533382246125,3.841458820694124
1.0259,0.00022560975654428218,127.48471914576838,3.841458820694124
1.02595,0.00022650291798412023,127.54398507561805,3.841458820694124
1.026,0.00022739781254356897,127.60313208676622,3.841458820694124
1.0260500000000001,0.00022829444003572252,127.66216065116578,3.841458820694124
1.0261,0.00022919280027288995,127.72107123791389,3.841458820694124
1.0261500000000001,0.00023009289306819022,127.77986431337936,3.841458820694124
1.0262,0.00023099471823469664,127.83854034116791,3.841458820694124
1.02625,0.00023189827558453346,127.89709978208552,3.841458820694124
1.0263,0.00023280356493192146,127.9555430943573,3.841458820694124
1.02635,0.00023371058608834795,128.01387073333635,3.841458820694124
1.0264,0.00023461933886810283,128.07208315188205,3.841458820694124
1.02645,0.00023552982308299954,128.13018080004144,3.841458820694124
1.0265,0.00023644203854641466,128.188164125329,3.841458820694124
1.02655,0.00023735598507110812,128.24603357260767,3.841458820694124
1.0266,0.0002382716624705191,128.3037895841914,3.841458820694124
1.02665,0.0002391890705572933,128.3614325997721,3.841458820694124
1.0267,0.0002401082091442302,128.41896305649954,3.841458820694124
1.02675,0.00024102907804452055,128.47638138901587,3.841458820694124
1.0268,0.00024195167707118722,128.53368802943987,3.841458820694124
1.02685,0.0002428760060365672,128.59088340735445,3.841458820694124
1.0269,0.00024380206475524066,128.647967950007,3.841458820694124
1.02695,0.00024472985303797864,128.70494208195444,3.841458820694124
1.0270000000000001,0.0002456593707003367,128.76180622561156,3.841458820694124
1.02705,0.0002465906175529566,128.81856080067385,3.841458820694124
1.0271000000000001,0.00024752359341073514,128.8752062246973,3.841458820694124
1.02715,0.0002484582980852762,128.93174291265615,3.841458820694124
1.0272000000000001,0.0002493947313912686,128.98817127734821,3.841458820694124
1.02725,0.00025033289313991747,129.04449172901585,3.841458820694124
1.0273,0.0002512727831453108,129.1007046757474,3.841458820694124
1.02735,0.0002522144012206384,129.15681052326707,3.841458820694124
1.0274,0.0002531577471784595,129.21280967496872,3.841458820694124
1.02745,0.00025410282083253733,129.2687025320425,3.841458820694124
1.0275,0.00025504962199555346,129.32448949335597,3.841458820694124
1.02755,0.00025599815048056254,129.38017095555745,3.841458820694124
1.0276,0.00025694840610125636,129.43574731310787,3.841458820694124
1.02765,0.0002579003886697382,129.49121895816722,3.841458820694124
1.0277,0.0002588540980000917,129.54658628081944,3.841458820694124
1.02775,0.0002598095339052239,129.60184966890438,3.841458820694124
1.0278,0.00026076669619868264,129.65700950813977,3.841458820694124
1.02785,0.0002617255846917466,129.71206618196976,3.841458820694124
1.0279,0.00026268619920029405,129.76702007197534,3.841458820694124
1.02795,0.00026364853953608964,129.82187155738944,3.841458820694124
1.028,0.0002646126055115914,129.8766210153895,3.841458820694124
1.0280500000000001,0.0002655783969418421,129.93126882121862,3.841458820694124
1.0281,0.00026654591363888333,129.98581534788423,3.841458820694124
1.0281500000000001,0.0002675151554156735,130.0402609663957,3.841458820694124
1.0282,0.0002684861220866343,130.094606045809,3.841458820694124
1.02825,0.0002694588134641547,130.14885095304552,3.841458820694124
1.0283,0.0002704332293614675,130.2029960530684,3.841458820694124
1.02835,0.00027140936959191585,130.2570417088556,3.841458820694124
1.0284,0.0002723872339689225,130.3109882814128,3.841458820694124
1.02845,0.00027336682230560136,130.364836129766,3.841458820694124
1.0285,0.00027434813441568734,130.41858561102717,3.841458820694124
1.02855,0.0002753311701117298,130.47223708030918,3.841458820694124
1.0286,0.0002763159292077518,130.5257908908852,3.841458820694124
1.02865,0.0002773024115164968,130.57924739405217,3.841458820694124
1.0287,0.0002782906168512034,130.63260693924153,3.841458820694124
1.02875,0.00027928054502630547,130.68586987406965,3.841458820694124
1.0288,0.00028027219585420707,130.73903654417788,3.841458820694124
1.02885,0.0002812655691483019,130.79210729340846,3.841458820694124
1.0289,0.00028226066472183974,130.84508246375688,3.841458820694124
1.02895,0.0002832574823879031,130.89796239538367,3.841458820694124
1.029,0.0002842560219613731,130.95074742673137,3.841458820694124
1.02905,0.00028525628325408437,131.0034378942809,3.841458820694124
1.0291000000000001,0.00028625826608027094,131.05603413285246,3.841458820694124
1.02915,0.0002872619702525083,131.1085364754042,3.841458820694124
1.0292000000000001,0.0002882673955852763,131.1609452532315,3.841458820694124
1.02925,0.0002892745418912626,131.21326079578603,3.841458820694124
1.0293,0.00029028340898423327,131.26548343083806,3.841458820694124
1.02935,0.0002912939966769864,131.31761348438224,3.841458820694124
1.0294,0.0002923063047837892,131.36965128077563,3.841458820694124
1.02945,0.00029332033311788925,131.42159714262115,3.841458820694124
1.0295,0.00029433608149224467,131.4734513908176,3.841458820694124
1.02955,0.00029535354972065364,131.52521434462886,3.841458820694124
1.0296,0.0002963727376170901,131.5768863216615,3.841458820694124
1.02965,0.0002973936449946691,131.62846763782377,3.841458820694124
1.0297,0.00029841627166627733,131.67995860736963,3.841458820694124
1.02975,0.00029944061744601716,131.73135954298266,3.841458820694124
1.0298,0.00030046668214775787,131.78267075571392,3.841458820694124
1.02985,0.00030149446558409534,131.8338925549416,3.841458820694124
1.0299,0.00030252396756979926,131.88502524855406,3.841458820694124
1.02995,0.0003035551879164936,131.93606914269623,3.841458820694124
1.03,0.00030458812643981175,131.98702454213537,3.841458820694124
